企業名,業種
株式会社アイテック,B
株式会社デジタルフォース,I
テクノエナジー株式会社,I
株式会社グリーンテック,G
株式会社メディアワークス,G
株式会社エコリーダーズ,E
株式会社ファーストステップ,D
株式会社インフィニティ,C
株式会社ダイナミクス,B
株式会社グローバルリンク,G
株式会社アドバンス,B
株式会社テックプロ,I
株式会社セーフティネット,E
株式会社クリエイト,F
株式会社プライムソリューション,H
株式会社ビジネスエクセル,C
株式会社フロンティア,F
株式会社スマートシステム,A
株式会社オリジン,G
株式会社レボリューション,I
株式会社パッションエンタープライズ,C
株式会社ライトビジョン,G
株式会社ワイズインテリジェンス,D
株式会社アークビジネス,H
株式会社ニューウェーブ,A
株式会社メタリンク,B
株式会社シンセティック,G
株式会社システムコア,D
株式会社プロパス,F
株式会社エヴォリューション,D
株式会社サクセス,I
株式会社グリーンサポート,I
株式会社サンライズ,D
株式会社パワフルワーク,C
株式会社ファーストメディア,G
株式会社リーディングエッジ,D
株式会社オープンフロンティア,C
株式会社インサイトエンジニアリング,C
株式会社クリアビジョン,B
株式会社アルファテクノ,I
株式会社サクセスリンク,G
株式会社ハイウェイ,D
株式会社スピリット,F
株式会社トランスフォーム,C
株式会社ダイレクト,D
株式会社ソフトブレイン,D
株式会社スピードウェア,D
株式会社スマートリンク,I
株式会社プログレッシブ,B
株式会社インフラネット,I
株式会社エッジワークス,E
株式会社アーステック,A
株式会社サイドチェンジ,H
株式会社オープンシステム,B
株式会社トラスト,I
株式会社グッドビジョン,B
株式会社ビッグデータソリューション,H
株式会社ソーシャルイノベーション,E
株式会社フューチャースタンダード,B
株式会社アヴァンティ,A
株式会社リバーステップ,I
株式会社イノヴェーション,C
株式会社ウェルネス,C
株式会社パスウェイ,E
株式会社エクセルテック,F
株式会社ユニーク,H
株式会社パワーストーン,F
株式会社スカイウェイ,G
株式会社ワールドネット,A
株式会社テクノロジーソリューション,G
株式会社グリーンアース,I
株式会社リーダース,I
株式会社ユニバーサル,D
株式会社ブルースター,F
株式会社インターリンク,C
株式会社グローバルビジョン,D
株式会社アドバンスト,A
株式会社スピリットネット,D
株式会社シンプルエッジ,A
株式会社ビジョンサポート,D
株式会社ネットソリューション,A
株式会社ストラテジック,F
株式会社オーシャン,C
株式会社アストロワーク,C
株式会社エクスプレス,I
株式会社フロンティアネット,I
株式会社クリエイティブワーク,G
株式会社テクノサポート,C
株式会社プロダクション,F
株式会社オプティマ,A
株式会社イノベーションシステム,H
株式会社マルチリンク,A
株式会社グッドサポート,D
株式会社ビジネステクノ,C
株式会社システムライフ,G
株式会社アクティブパートナー,E
株式会社スタートアップ,H
株式会社エヴァシステム,B
株式会社イノベーティブ,F
株式会社ライフエッジ,G
株式会社ファーストパス,G
株式会社モーション,H
株式会社パートナーシップ,E
株式会社ダイナミックエンタープライズ,F
株式会社フューチャーリンク,C
株式会社エンタープライズサポート,I
株式会社アクションネット,F
株式会社アドバンスシステム,D
株式会社システムファーム,F
